Date,returns,,,
04/07/07,0.0005,,,
05/07/07,-0.0066,,,
06/07/07,0.0021,,,
07/07/07,-0.0006,,,
08/07/07,0.0021,,,
09/07/07,0.0059,,,
10/07/07,0.0033,,,
11/07/07,0.0021,,,
12/07/07,-0.0004,,,
13/07/07,-0.0007,,,
14/07/07,-0.0002,,,
15/07/07,-0.007,,,
16/07/07,0.0045,,,
17/07/07,0.007,,,
18/07/07,-0.0094,,,
19/07/07,-0.0012,,,
20/07/07,0.0003,,,
21/07/07,0.0026,,,
22/07/07,0.0079,,,
23/07/07,0.0041,,,
24/07/07,-0.0016,,,
25/07/07,0.0007,,,
26/07/07,0.0004,,,
27/07/07,0,,,
28/07/07,-0.0023,,,
29/07/07,-0.0045,,,
30/07/07,-0.0022,,,
31/07/07,0.0081,,,
01/08/07,0.0069,,,
02/08/07,0.0018,,,
03/08/07,0.0002,,,
04/08/07,0.0015,,,
05/08/07,-0.0038,,,
06/08/07,-0.0041,,,
07/08/07,-0.003,,,
08/08/07,-0.0012,,,
09/08/07,-0.0329,,,
10/08/07,0.0043,,,
11/08/07,-0.0028,,,
12/08/07,-0.0098,,,
13/08/07,-0.0053,,,
14/08/07,0.013,,,
15/08/07,-0.0012,,,
16/08/07,0.0056,,,
17/08/07,0.0013,,,
18/08/07,0.0034,,,
19/08/07,-0.0197,,,
20/08/07,0.0048,,,
21/08/07,0.0022,,,
22/08/07,-0.0041,,,
23/08/07,0.0096,,,
24/08/07,0.0051,,,
25/08/07,0.013,,,
26/08/07,0.0011,,,
27/08/07,0.0016,,,
28/08/07,-0.001,,,
29/08/07,-0.0058,,,
30/08/07,-0.0078,,,
31/08/07,0.0039,,,
01/09/07,0.0005,,,
02/09/07,0.0023,,,
03/09/07,0.0104,,,
04/09/07,0.0015,,,
05/09/07,0.0025,,,
06/09/07,0.0007,,,
07/09/07,0.0004,,,
08/09/07,-0.0071,,,
09/09/07,0.0055,,,
10/09/07,0.0047,,,
11/09/07,0.0086,,,
12/09/07,0.0041,,,
13/09/07,0.0024,,,
14/09/07,0.0004,,,
15/09/07,0.012,,,
16/09/07,-0.0033,,,
17/09/07,0.0027,,,
18/09/07,0.0105,,,
19/09/07,0.0012,,,
20/09/07,0.0012,,,
21/09/07,-0.0044,,,
22/09/07,0.0056,,,
23/09/07,0.0058,,,
24/09/07,0.0022,,,
25/09/07,0.0018,,,
26/09/07,0.0036,,,
27/09/07,-0.0003,,,
28/09/07,0.004,,,
29/09/07,-0.0111,,,
30/09/07,0.0084,,,
01/10/07,0.0015,,,
02/10/07,0.0028,,,
03/10/07,0.0077,,,
04/10/07,-0.0008,,,
05/10/07,0.0059,,,
06/10/07,-0.001,,,
07/10/07,-0.0002,,,
08/10/07,-0.0011,,,
09/10/07,-0.0062,,,
10/10/07,0.0049,,,
11/10/07,0.001,,,
12/10/07,0.0083,,,
13/10/07,-0.0004,,,
14/10/07,0.003,,,
15/10/07,0.0006,,,
16/10/07,-0.0059,,,
17/10/07,-0.0095,,,
18/10/07,-0.0148,,,
19/10/07,0.0119,,,
20/10/07,0,,,
21/10/07,-0.0097,,,
22/10/07,0.0141,,,
23/10/07,0.0053,,,
24/10/07,0.0063,,,
25/10/07,-0.0019,,,
26/10/07,0.0016,,,
27/10/07,-0.0107,,,
28/10/07,0.0042,,,
29/10/07,-0.0137,,,
30/10/07,-0.0006,,,
31/10/07,-0.0011,,,
01/11/07,0.0068,,,
02/11/07,-0.0004,,,
03/11/07,-0.001,,,
04/11/07,0.0095,,,
05/11/07,0.0031,,,
06/11/07,-0.0008,,,
07/11/07,0.0034,,,
08/11/07,0.0028,,,
09/11/07,-0.0109,,,
10/11/07,0.0056,,,
11/11/07,0.0209,,,
12/11/07,0.0033,,,
13/11/07,0.0031,,,
14/11/07,0.0015,,,
15/11/07,-0.0038,,,
16/11/07,0.0059,,,
17/11/07,-0.0107,,,
18/11/07,0.0067,,,
19/11/07,-0.0162,,,
20/11/07,0.005,,,
21/11/07,-0.0226,,,
22/11/07,-0.0154,,,
23/11/07,0.007,,,
24/11/07,-0.011,,,
25/11/07,0.0114,,,
26/11/07,0.0076,,,
27/11/07,-0.0209,,,
28/11/07,0.0218,,,
29/11/07,0.0026,,,
30/11/07,0.0114,,,
01/12/07,-0.0283,,,
02/12/07,-0.0023,,,
03/12/07,-0.0002,,,
04/12/07,-0.0157,,,
05/12/07,-0.0129,,,
06/12/07,-0.0012,,,
07/12/07,0.0182,,,
08/12/07,0.0032,,,
09/12/07,-0.0023,,,
10/12/07,0.0111,,,
11/12/07,0,,,
12/12/07,0.0108,,,
13/12/07,-0.0042,,,
14/12/07,-0.021,,,
15/12/07,0.019,,,
16/12/07,-0.0038,,,
17/12/07,0.009,,,
18/12/07,0.0068,,,
19/12/07,-0.0107,,,
20/12/07,0.0044,,,
21/12/07,-0.0187,,,
22/12/07,0.0011,,,
23/12/07,0.0138,,,
24/12/07,-0.0013,,,
25/12/07,0.01,,,
26/12/07,0.0013,,,
27/12/07,-0.0029,,,
28/12/07,0.0251,,,
29/12/07,0.0055,,,
30/12/07,-0.0035,,,
31/12/07,0.0039,,,
01/01/08,-0.0044,,,
02/01/08,0.0014,,,
03/01/08,0.0072,,,
04/01/08,0.0025,,,
05/01/08,-0.0012,,,
06/01/08,0.0138,,,
07/01/08,-0.0029,,,
08/01/08,-0.0056,,,
09/01/08,0.0004,,,
10/01/08,0.0066,,,
11/01/08,-0.0016,,,
12/01/08,0.0086,,,
13/01/08,-0.0061,,,
14/01/08,-0.0045,,,
15/01/08,0.0056,,,
16/01/08,-0.0077,,,
17/01/08,-0.0051,,,
18/01/08,-0.0015,,,
19/01/08,-0.0003,,,
20/01/08,-0.0264,,,
21/01/08,0.0033,,,
22/01/08,0.0081,,,
23/01/08,-0.0001,,,
24/01/08,-0.0002,,,
25/01/08,0.0099,,,
26/01/08,0.0046,,,
27/01/08,-0.0056,,,
28/01/08,0.01,,,
29/01/08,-0.026,,,
30/01/08,0.002,,,
31/01/08,-0.0038,,,
01/02/08,0.0087,,,
02/02/08,-0.0264,,,
03/02/08,-0.0025,,,
04/02/08,-0.0169,,,
05/02/08,-0.0042,,,
06/02/08,0.0246,,,
07/02/08,-0.0057,,,
08/02/08,-0.0091,,,
09/02/08,0.0051,,,
10/02/08,-0.0166,,,
11/02/08,0.004,,,
12/02/08,-0.0162,,,
13/02/08,0.0142,,,
14/02/08,-0.0183,,,
15/02/08,0.0169,,,
16/02/08,0.0255,,,
17/02/08,0.0017,,,
18/02/08,0.0045,,,
19/02/08,-0.0043,,,
20/02/08,-0.0049,,,
21/02/08,0.0148,,,
22/02/08,0.013,,,
23/02/08,0.0004,,,
24/02/08,0.0074,,,
25/02/08,-0.0214,,,
26/02/08,0.0031,,,
27/02/08,0.0033,,,
28/02/08,-0.0132,,,
29/02/08,-0.0129,,,
01/03/08,0.005,,,
02/03/08,-0.0019,,,
03/03/08,0.0029,,,
04/03/08,0.0155,,,
05/03/08,0.0074,,,
06/03/08,0.0001,,,
07/03/08,-0.0142,,,
08/03/08,0.0005,,,
09/03/08,-0.0076,,,
10/03/08,-0.0167,,,
11/03/08,0.001,,,
12/03/08,-0.0196,,,
13/03/08,0.0021,,,
14/03/08,-0.0186,,,
15/03/08,0.0116,,,
16/03/08,0.0092,,,
17/03/08,-0.0192,,,
18/03/08,0.0136,,,
19/03/08,-0.0217,,,
20/03/08,-0.0028,,,
21/03/08,-0.0246,,,
22/03/08,-0.0049,,,
23/03/08,-0.0106,,,
24/03/08,0.025,,,
25/03/08,0.0088,,,
26/03/08,-0.0138,,,
27/03/08,0.0145,,,
28/03/08,0.0078,,,
29/03/08,-0.003,,,
30/03/08,0.0167,,,
31/03/08,0.0073,,,
01/04/08,-0.0085,,,
02/04/08,-0.0293,,,
03/04/08,-0.0053,,,
04/04/08,0.0038,,,
05/04/08,-0.0053,,,
06/04/08,0.0048,,,
07/04/08,0.0109,,,
08/04/08,0.0145,,,
09/04/08,-0.014,,,
10/04/08,-0.0023,,,
11/04/08,-0.0009,,,
12/04/08,0.0073,,,
13/04/08,-0.0115,,,
14/04/08,0.0079,,,
15/04/08,0.0153,,,
16/04/08,0.0091,,,
17/04/08,0.0007,,,
18/04/08,-0.0088,,,
19/04/08,-0.0251,,,
20/04/08,-0.0006,,,
21/04/08,-0.0037,,,
22/04/08,0.0034,,,
23/04/08,-0.0175,,,
24/04/08,-0.0122,,,
25/04/08,-0.0129,,,
26/04/08,0.0355,,,
27/04/08,-0.0038,,,
28/04/08,0.0029,,,
29/04/08,-0.016,,,
30/04/08,0.0018,,,
01/05/08,0.0351,,,
02/05/08,-0.0236,,,
03/05/08,0.0216,,,
04/05/08,0.0152,,,
05/05/08,-0.0013,,,
06/05/08,-0.0088,,,
07/05/08,-0.0097,,,
08/05/08,-0.007,,,
09/05/08,0.0038,,,
10/05/08,0.0319,,,
11/05/08,-0.0036,,,
12/05/08,0.0014,,,
13/05/08,-0.0013,,,
14/05/08,0.0002,,,
15/05/08,-0.0029,,,
16/05/08,-0.0039,,,
17/05/08,0.0044,,,
18/05/08,-0.0204,,,
19/05/08,-0.0019,,,
20/05/08,0.0049,,,
21/05/08,0.0208,,,
22/05/08,0.0001,,,
23/05/08,0.0181,,,
24/05/08,-0.0019,,,
25/05/08,-0.0082,,,
26/05/08,0.0034,,,
27/05/08,0.0067,,,
28/05/08,0.0033,,,
29/05/08,-0.0016,,,
30/05/08,-0.0031,,,
31/05/08,-0.0009,,,
01/06/08,0.0148,,,
02/06/08,0.0037,,,
03/06/08,-0.0068,,,
04/06/08,0.004,,,
05/06/08,-0.0159,,,
06/06/08,0.0041,,,
07/06/08,-0.0094,,,
08/06/08,0.0102,,,
09/06/08,-0.0034,,,
10/06/08,0.0052,,,
11/06/08,0.0073,,,
12/06/08,-0.0005,,,
13/06/08,0.0032,,,
14/06/08,-0.0153,,,
15/06/08,-0.0177,,,
16/06/08,0.0019,,,
17/06/08,-0.0116,,,
18/06/08,0.0055,,,
19/06/08,0.0036,,,
20/06/08,0.0041,,,
21/06/08,-0.0006,,,
22/06/08,-0.0106,,,
23/06/08,-0.0081,,,
24/06/08,-0.001,,,
25/06/08,0.0173,,,
26/06/08,-0.0313,,,
27/06/08,0.0058,,,
28/06/08,0.0008,,,
29/06/08,-0.0168,,,
30/06/08,0.0048,,,
01/07/08,0.0137,,,
02/07/08,-0.0031,,,
03/07/08,-0.0089,,,
04/07/08,-0.0108,,,
05/07/08,0.0028,,,
06/07/08,-0.0183,,,
07/07/08,0,,,
08/07/08,-0.0029,,,
09/07/08,0.0004,,,
10/07/08,-0.0303,,,
11/07/08,-0.0093,,,
12/07/08,0.0003,,,
13/07/08,0.0028,,,
14/07/08,-0.0146,,,
15/07/08,0.0065,,,
16/07/08,-0.005,,,
17/07/08,0.0136,,,
18/07/08,-0.0208,,,
19/07/08,0.0073,,,
20/07/08,-0.0114,,,
21/07/08,-0.0041,,,
22/07/08,-0.0084,,,
23/07/08,0.0252,,,
24/07/08,0.0185,,,
25/07/08,0.0044,,,
26/07/08,-0.0025,,,
27/07/08,0.0118,,,
28/07/08,0.0026,,,
29/07/08,-0.0243,,,
30/07/08,0.0019,,,
31/07/08,-0.0211,,,
01/08/08,0.0239,,,
02/08/08,0.0163,,,
03/08/08,-0.0178,,,
04/08/08,-0.0045,,,
05/08/08,-0.0037,,,
06/08/08,0.0294,,,
07/08/08,0.0035,,,
08/08/08,-0.0193,,,
09/08/08,0.0265,,,
10/08/08,0.0041,,,
11/08/08,-0.0119,,,
12/08/08,-0.0094,,,
13/08/08,0.0072,,,
14/08/08,0.0038,,,
15/08/08,-0.0155,,,
16/08/08,-0.0114,,,
17/08/08,0.0061,,,
18/08/08,0.0011,,,
19/08/08,0.0173,,,
20/08/08,-0.0208,,,
21/08/08,0.0023,,,
22/08/08,0.0079,,,
23/08/08,0.0185,,,
24/08/08,-0.0147,,,
25/08/08,-0.0023,,,
26/08/08,0.0014,,,
27/08/08,-0.0299,,,
28/08/08,0.0029,,,
29/08/08,0.0258,,,
30/08/08,-0.0243,,,
31/08/08,0.0034,,,
01/09/08,0.0146,,,
02/09/08,-0.001,,,
03/09/08,-0.0442,,,
04/09/08,0.013,,,
05/09/08,-0.0406,,,
06/09/08,0.0386,,,
07/09/08,0.0335,,,
08/09/08,-0.0327,,,
09/09/08,-0.0147,,,
10/09/08,-0.0027,,,
11/09/08,0.0182,,,
12/09/08,0.011,,,
13/09/08,-0.0698,,,
14/09/08,0.0468,,,
15/09/08,-0.0018,,,
16/09/08,-0.0322,,,
17/09/08,-0.015,,,
18/09/08,-0.0358,,,
19/09/08,-0.0511,,,
20/09/08,-0.02,,,
21/09/08,-0.0733,,,
22/09/08,-0.0149,,,
23/09/08,0.1108,,,
24/09/08,-0.0082,,,
25/09/08,-0.0787,,,
26/09/08,0.0468,,,
27/09/08,-0.0141,,,
28/09/08,0.0467,,,
29/09/08,-0.0238,,,
30/09/08,-0.0582,,,
01/10/08,0.0202,,,
02/10/08,-0.0359,,,
03/10/08,-0.0242,,,
04/10/08,0.1088,,,
05/10/08,-0.0082,,,
06/10/08,0.0211,,,
07/10/08,0.0157,,,
08/10/08,-0.0006,,,
09/10/08,0.0328,,,
10/10/08,-0.0505,,,
11/10/08,-0.0485,,,
12/10/08,0.0285,,,
13/10/08,-0.0082,,,
14/10/08,-0.0199,,,
15/10/08,-0.0473,,,
16/10/08,0.0667,,,
17/10/08,-0.0382,,,
18/10/08,-0.0263,,,
19/10/08,0.0183,,,
20/10/08,-0.0507,,,
21/10/08,-0.0556,,,
22/10/08,0.0654,,,
23/10/08,0.0493,,,
24/10/08,0.0043,,,
25/10/08,0.0291,,,
26/10/08,0.0117,,,
27/10/08,-0.077,,,
28/10/08,0.0331,,,
29/10/08,0.0205,,,
30/10/08,-0.0251,,,
31/10/08,0.0309,,,
01/11/08,0.0346,,,
02/11/08,-0.0272,,,
03/11/08,0.0081,,,
04/11/08,-0.0224,,,
05/11/08,0.0075,,,
06/11/08,-0.0075,,,
07/11/08,0.042,,,
08/11/08,-0.0112,,,
09/11/08,-0.0249,,,
10/11/08,-0.003,,,
11/11/08,-0.0069,,,
12/11/08,-0.0118,,,
13/11/08,0.0058,,,
14/11/08,0.0056,,,
15/11/08,-0.0037,,,
16/11/08,0.0217,,,
17/11/08,0.0125,,,
18/11/08,0.0294,,,
19/11/08,-0.0091,,,
20/11/08,0.0069,,,
21/11/08,-0.0272,,,
22/11/08,-0.0031,,,
23/11/08,-0.0164,,,
24/11/08,-0.0146,,,
25/11/08,-0.003,,,
26/11/08,-0.0294,,,
27/11/08,0.0015,,,
28/11/08,0.0084,,,
29/11/08,-0.0401,,,
30/11/08,0.0351,,,
01/12/08,-0.0128,,,
02/12/08,-0.0056,,,
03/12/08,0.0048,,,
04/12/08,0.0072,,,
05/12/08,0.0246,,,
06/12/08,-0.027,,,
07/12/08,-0.0182,,,
08/12/08,-0.008,,,
09/12/08,0.0178,,,
10/12/08,-0.0151,,,
11/12/08,0.0134,,,
12/12/08,0.027,,,
13/12/08,-0.0012,,,
14/12/08,-0.0462,,,
15/12/08,0.0064,,,
16/12/08,-0.0009,,,
17/12/08,-0.0104,,,
18/12/08,-0.0379,,,
19/12/08,0.0004,,,
20/12/08,-0.0119,,,
21/12/08,-0.0134,,,
22/12/08,-0.0341,,,
23/12/08,0.0332,,,
24/12/08,-0.0109,,,
25/12/08,-0.0122,,,
26/12/08,-0.0166,,,
27/12/08,-0.0424,,,
28/12/08,-0.0055,,,
29/12/08,0.0223,,,
30/12/08,-0.0409,,,
31/12/08,0.0049,,,
01/01/09,-0.0121,,,
02/01/09,0.058,,,
03/01/09,0.0006,,,
04/01/09,0.0346,,,
05/01/09,0.0075,,,
06/01/09,-0.001,,,
07/01/09,0.0248,,,
08/01/09,0.0123,,,
09/01/09,-0.0115,,,
10/01/09,-0.0165,,,
11/01/09,0.0684,,,
12/01/09,-0.0149,,,
13/01/09,0.0117,,,
14/01/09,0.0225,,,
15/01/09,-0.0187,,,
16/01/09,-0.0327,,,
17/01/09,0.0116,,,
18/01/09,0.0201,,,
19/01/09,0.0279,,,
20/01/09,0.005,,,
21/01/09,-0.0052,,,
22/01/09,-0.0234,,,
23/01/09,0.0061,,,
24/01/09,0.0314,,,
25/01/09,-0.0032,,,
26/01/09,-0.0171,,,
27/01/09,0.0138,,,
28/01/09,0.0119,,,
29/01/09,0.0007,,,
30/01/09,-0.0356,,,
31/01/09,0.0163,,,
01/02/09,-0.0104,,,
02/02/09,0.0089,,,
03/02/09,0.015,,,
04/02/09,-0.0064,,,
05/02/09,-0.001,,,
06/02/09,0.0211,,,
07/02/09,-0.0022,,,
08/02/09,0.0054,,,
09/02/09,0.0261,,,
10/02/09,-0.0019,,,
11/02/09,0.0121,,,
12/02/09,-0.012,,,
13/02/09,0.0196,,,
14/02/09,-0.0182,,,
15/02/09,0.006,,,
16/02/09,-0.0218,,,
17/02/09,0.0056,,,
18/02/09,-0.0075,,,
19/02/09,0.0285,,,
20/02/09,-0.0034,,,
21/02/09,-0.0062,,,
22/02/09,-0.0154,,,
23/02/09,-0.0018,,,
24/02/09,0.0237,,,
25/02/09,-0.0205,,,
26/02/09,0.0125,,,
27/02/09,0.0115,,,
28/02/09,0.026,,,
01/03/09,0.0022,,,
02/03/09,-0.0075,,,
03/03/09,0.0086,,,
04/03/09,0.0015,,,
05/03/09,0.0002,,,
06/03/09,-0.0002,,,
07/03/09,-0.0027,,,
08/03/09,0.0037,,,
09/03/09,0.0032,,,
10/03/09,-0.0213,,,
11/03/09,-0.0125,,,
12/03/09,-0.0009,,,
13/03/09,0.0069,,,
14/03/09,-0.0019,,,
15/03/09,-0.0235,,,
16/03/09,-0.0019,,,
17/03/09,-0.0028,,,
18/03/09,0.0208,,,
19/03/09,-0.004,,,
20/03/09,0.0108,,,
21/03/09,-0.0097,,,
22/03/09,0.0068,,,
23/03/09,-0.0263,,,
24/03/09,0.0053,,,
25/03/09,-0.0194,,,
26/03/09,0.0018,,,
27/03/09,0.0006,,,
28/03/09,-0.0045,,,
29/03/09,0.0227,,,
30/03/09,0.0033,,,
31/03/09,0.0307,,,
01/04/09,0.0111,,,
02/04/09,0.0037,,,
03/04/09,0.0119,,,
04/04/09,0.0077,,,
05/04/09,-0.0039,,,
06/04/09,0.0212,,,
07/04/09,0.0026,,,
08/04/09,0.0017,,,
09/04/09,-0.0013,,,
10/04/09,-0.0029,,,
11/04/09,0.0092,,,
12/04/09,0.0019,,,
13/04/09,0.0125,,,
14/04/09,0.0036,,,
15/04/09,-0.0042,,,
16/04/09,-0.0027,,,
17/04/09,0.0123,,,
18/04/09,-0.0034,,,
19/04/09,-0.0103,,,
20/04/09,0.013,,,
21/04/09,0.0039,,,
22/04/09,-0.0082,,,
23/04/09,-0.02,,,
24/04/09,0.009,,,
25/04/09,0.0066,,,
26/04/09,0.0076,,,
27/04/09,0.0167,,,
28/04/09,0.0003,,,
29/04/09,0.0032,,,
30/04/09,0.0004,,,
01/05/09,0.0039,,,
02/05/09,-0.0038,,,
03/05/09,-0.005,,,
04/05/09,-0.0196,,,
05/05/09,-0.0032,,,
06/05/09,0.0069,,,
07/05/09,0.0103,,,
08/05/09,0.0059,,,
09/05/09,0.0053,,,
10/05/09,0.0084,,,
11/05/09,-0.0023,,,
12/05/09,0.0022,,,
13/05/09,0.0059,,,
14/05/09,0.0112,,,
15/05/09,-0.0008,,,
16/05/09,0.0037,,,
17/05/09,-0.0042,,,
18/05/09,0.0052,,,
19/05/09,-0.0083,,,
20/05/09,-0.0042,,,
21/05/09,-0.0044,,,
22/05/09,0.0128,,,
23/05/09,-0.0048,,,
24/05/09,-0.0031,,,
25/05/09,-0.0209,,,
26/05/09,-0.0023,,,
27/05/09,0.0118,,,
28/05/09,0.0137,,,
29/05/09,-0.0006,,,
30/05/09,0.0063,,,
31/05/09,0.008,,,
01/06/09,0.0021,,,
02/06/09,-0.0015,,,
03/06/09,0.0147,,,
04/06/09,0.0047,,,
05/06/09,-0.0067,,,
06/06/09,0.0096,,,
07/06/09,-0.005,,,
08/06/09,-0.0092,,,
09/06/09,0.0133,,,
10/06/09,-0.0108,,,
11/06/09,-0.0105,,,
12/06/09,0.0014,,,
13/06/09,-0.0121,,,
14/06/09,0.0205,,,
15/06/09,-0.0251,,,
16/06/09,0.0079,,,
17/06/09,-0.0018,,,
18/06/09,0.0031,,,
19/06/09,0.0208,,,
20/06/09,0.0017,,,
21/06/09,0.0203,,,
22/06/09,0.002,,,
23/06/09,0.0043,,,
24/06/09,-0.0091,,,
25/06/09,0.0072,,,
26/06/09,0.0133,,,
27/06/09,0.0029,,,
28/06/09,-0.0011,,,
29/06/09,-0.009,,,
30/06/09,-0.0014,,,
01/07/09,0.0129,,,
02/07/09,-0.0016,,,
03/07/09,0.0029,,,
04/07/09,-0.0148,,,
05/07/09,0.0034,,,
06/07/09,0.0123,,,
07/07/09,-0.0018,,,
08/07/09,-0.0083,,,
09/07/09,0.0022,,,
10/07/09,0.0001,,,
11/07/09,-0.01,,,
12/07/09,0.005,,,
13/07/09,0.0067,,,
14/07/09,0.0063,,,
15/07/09,0.0028,,,
16/07/09,-0.0047,,,
17/07/09,-0.001,,,
18/07/09,-0.0127,,,
19/07/09,0.002,,,
20/07/09,0.0083,,,
21/07/09,0.0049,,,
22/07/09,0.0001,,,
23/07/09,0.0051,,,
24/07/09,0.0026,,,
25/07/09,-0.0002,,,
26/07/09,0.0003,,,
27/07/09,-0.0114,,,
28/07/09,0.015,,,
29/07/09,-0.0011,,,
30/07/09,0.0002,,,
31/07/09,0.0031,,,
01/08/09,0.0011,,,
02/08/09,0.0043,,,
03/08/09,-0.0034,,,
04/08/09,0.005,,,
05/08/09,0.0028,,,
06/08/09,-0.0094,,,
07/08/09,0.0109,,,
08/08/09,-0.0114,,,
09/08/09,-0.0201,,,
10/08/09,-0.0209,,,
11/08/09,0.0023,,,
12/08/09,-0.0003,,,
13/08/09,0.0041,,,
14/08/09,-0.0113,,,
15/08/09,-0.0052,,,
16/08/09,0.0117,,,
17/08/09,0.0109,,,
18/08/09,-0.0026,,,
19/08/09,-0.0261,,,
20/08/09,0.001,,,
21/08/09,-0.0104,,,
22/08/09,0.0152,,,
23/08/09,-0.002,,,
24/08/09,0.0105,,,
25/08/09,-0.0044,,,
26/08/09,0.0168,,,
27/08/09,0.0039,,,
28/08/09,0.0081,,,
29/08/09,0.0009,,,
30/08/09,-0.0018,,,
31/08/09,-0.0097,,,
01/09/09,0.0089,,,
02/09/09,-0.0051,,,
03/09/09,0.0004,,,
04/09/09,0.0076,,,
05/09/09,0.0002,,,
06/09/09,-0.0009,,,
07/09/09,0.0046,,,
08/09/09,0.0117,,,
09/09/09,-0.0013,,,
10/09/09,0.0011,,,
11/09/09,0.0003,,,
12/09/09,0.0042,,,
13/09/09,0.0012,,,
14/09/09,0.0016,,,
15/09/09,0.0041,,,
16/09/09,0.0045,,,
17/09/09,0.0042,,,
18/09/09,-0.0035,,,
19/09/09,0.0041,,,
20/09/09,0.0095,,,
21/09/09,-0.0048,,,
22/09/09,0.0005,,,
23/09/09,0.0008,,,
24/09/09,0.0042,,,
25/09/09,0.0011,,,
26/09/09,-0.0047,,,
27/09/09,0.0065,,,
28/09/09,0.0043,,,
29/09/09,-0.0003,,,
30/09/09,-0.0066,,,
01/10/09,0.0027,,,
02/10/09,0.0064,,,
03/10/09,0.0008,,,
04/10/09,0.0012,,,
05/10/09,0.0094,,,
06/10/09,0.0019,,,
07/10/09,-0.0113,,,
08/10/09,0.0067,,,
09/10/09,0.0023,,,
10/10/09,0.0007,,,
11/10/09,0.0008,,,
12/10/09,0.0063,,,
13/10/09,0.0001,,,
14/10/09,-0.019,,,
15/10/09,0.0048,,,
16/10/09,0.0111,,,
17/10/09,-0.0142,,,
18/10/09,0.013,,,
19/10/09,-0.0202,,,
20/10/09,-0.0054,,,
21/10/09,-0.032,,,
22/10/09,-0.0133,,,
23/10/09,0.039,,,
24/10/09,-0.0034,,,
25/10/09,0.0138,,,
26/10/09,-0.0105,,,
27/10/09,-0.0151,,,
28/10/09,0.0005,,,
29/10/09,-0.0108,,,
30/10/09,-0.0063,,,
31/10/09,-0.036,,,
01/11/09,0.0125,,,
02/11/09,-0.0124,,,
03/11/09,-0.0023,,,
04/11/09,-0.0069,,,
05/11/09,0.0285,,,
06/11/09,-0.0119,,,
07/11/09,-0.0111,,,
08/11/09,0.0225,,,
09/11/09,0.0006,,,
10/11/09,-0.0315,,,
11/11/09,-0.0116,,,
12/11/09,0.0126,,,
13/11/09,-0.0041,,,
14/11/09,0.0276,,,
15/11/09,0.0038,,,
16/11/09,-0.002,,,
17/11/09,0.021,,,
18/11/09,0.0005,,,
19/11/09,0.0024,,,
20/11/09,0.0016,,,
21/11/09,-0.0008,,,
22/11/09,-0.0143,,,
23/11/09,0.0005,,,
24/11/09,-0.0141,,,
25/11/09,-0.0009,,,
26/11/09,-0.0005,,,
27/11/09,-0.0265,,,
28/11/09,-0.0098,,,
29/11/09,-0.0042,,,
30/11/09,-0.0047,,,
01/12/09,0.0059,,,
02/12/09,0.0282,,,
03/12/09,0.012,,,
04/12/09,0.0058,,,
05/12/09,0.0018,,,
06/12/09,0.0144,,,
07/12/09,0.0004,,,
08/12/09,-0.0007,,,
09/12/09,-0.0252,,,
10/12/09,0.0056,,,
11/12/09,0.0074,,,
12/12/09,-0.0107,,,
13/12/09,0.0199,,,
14/12/09,0.0099,,,
15/12/09,0.0097,,,
16/12/09,0.0012,,,
17/12/09,-0.0038,,,
18/12/09,-0.0029,,,
19/12/09,-0.0001,,,
20/12/09,0.0199,,,
21/12/09,-0.0036,,,
22/12/09,0.0041,,,
23/12/09,-0.0005,,,
24/12/09,-0.002,,,
25/12/09,0.0042,,,
26/12/09,-0.0051,,,
27/12/09,-0.0249,,,
28/12/09,-0.0057,,,
29/12/09,-0.0016,,,
30/12/09,-0.0001,,,
31/12/09,0.0101,,,
01/01/10,0.0009,,,
02/01/10,-0.0139,,,
03/01/10,-0.0056,,,
04/01/10,-0.0038,,,
05/01/10,-0.0132,,,
06/01/10,0.002,,,
07/01/10,-0.0074,,,
08/01/10,0.0165,,,
09/01/10,-0.0139,,,
10/01/10,0.0005,,,
11/01/10,0.0254,,,
12/01/10,0.0049,,,
13/01/10,0.0124,,,
14/01/10,-0.0103,,,
15/01/10,0.0045,,,
16/01/10,0.0027,,,
17/01/10,0.0046,,,
18/01/10,0.0078,,,
19/01/10,-0.0017,,,
20/01/10,0.0044,,,
21/01/10,0.0021,,,
22/01/10,0.0012,,,
23/01/10,0.0137,,,
24/01/10,0.0007,,,
25/01/10,-0.002,,,
26/01/10,-0.0072,,,
27/01/10,0.0186,,,
28/01/10,-0.0044,,,
29/01/10,0.0043,,,
30/01/10,-0.0021,,,
31/01/10,-0.0044,,,
01/02/10,0.0039,,,
02/02/10,-0.0072,,,
03/02/10,0.018,,,
04/02/10,0.0021,,,
05/02/10,-0.0017,,,
06/02/10,0.0053,,,
07/02/10,0.0004,,,
08/02/10,0.0009,,,
09/02/10,0.0069,,,
10/02/10,0.0001,,,
11/02/10,-0.0031,,,
12/02/10,0.0073,,,
13/02/10,-0.0148,,,
14/02/10,0.0118,,,
15/02/10,0.0035,,,
16/02/10,-0.0013,,,
17/02/10,0.0028,,,
18/02/10,0.0005,,,
19/02/10,-0.0039,,,
20/02/10,-0.0011,,,
21/02/10,0.0004,,,
22/02/10,0.0006,,,
23/02/10,0.0058,,,
24/02/10,0.0024,,,
25/02/10,0.0196,,,
26/02/10,0.0008,,,
27/02/10,-0.0033,,,
28/02/10,-0.0053,,,
01/03/10,0.0009,,,
02/03/10,-0.0065,,,
03/03/10,-0.008,,,
04/03/10,0.0008,,,
05/03/10,-0.0159,,,
06/03/10,-0.0014,,,
07/03/10,0.0157,,,
08/03/10,0.002,,,
09/03/10,-0.0022,,,
10/03/10,-0.0127,,,
11/03/10,0.0137,,,
12/03/10,-0.0085,,,
13/03/10,-0.0036,,,
14/03/10,-0.0042,,,
15/03/10,0.0227,,,
16/03/10,0.0095,,,
17/03/10,0.0017,,,
18/03/10,-0.0017,,,
19/03/10,-0.0003,,,
20/03/10,0.0012,,,
21/03/10,-0.0002,,,
22/03/10,0.0035,,,
23/03/10,0.0016,,,
24/03/10,0.0042,,,
25/03/10,-0.0017,,,
26/03/10,0.0036,,,
27/03/10,-0.0006,,,
28/03/10,-0.0012,,,
29/03/10,0.0048,,,
30/03/10,0.0023,,,
31/03/10,0.0012,,,
01/04/10,-0.0016,,,
02/04/10,0.0018,,,
03/04/10,0.0009,,,
04/04/10,-0.0014,,,
05/04/10,0.0007,,,
06/04/10,0.0081,,,
07/04/10,0.0018,,,
08/04/10,0.0027,,,
09/04/10,-0.0022,,,
10/04/10,-0.0019,,,
11/04/10,-0.0032,,,
12/04/10,0.003,,,
13/04/10,0.0072,,,
14/04/10,-0.002,,,
15/04/10,0.0047,,,
16/04/10,0.0043,,,
17/04/10,-0.0011,,,
18/04/10,-0.0002,,,
19/04/10,0.0041,,,
20/04/10,0.0092,,,
21/04/10,-0.0003,,,
22/04/10,0.0007,,,
23/04/10,0.0004,,,
24/04/10,-0.0139,,,
25/04/10,0.0058,,,
26/04/10,0.0125,,,
27/04/10,0.0002,,,
28/04/10,0.0017,,,
29/04/10,0.0025,,,
30/04/10,0.0057,,,
01/05/10,0.0059,,,
02/05/10,0.0006,,,
03/05/10,-0.0009,,,
04/05/10,0.0036,,,
05/05/10,-0.0004,,,
06/05/10,-0.0034,,,
07/05/10,0.005,,,
08/05/10,0.0084,,,
09/05/10,-0.0144,,,
10/05/10,-0.0088,,,
11/05/10,-0.0031,,,
12/05/10,0.0051,,,
13/05/10,0.0079,,,
14/05/10,-0.0138,,,
15/05/10,0.0007,,,
16/05/10,0.0159,,,
17/05/10,-0.0072,,,
18/05/10,-0.0066,,,
19/05/10,0.0103,,,
20/05/10,-0.0001,,,
21/05/10,-0.0187,,,
22/05/10,0.005,,,
23/05/10,-0.0043,,,
24/05/10,-0.0115,,,
25/05/10,-0.0204,,,
26/05/10,0.0139,,,
27/05/10,0.0071,,,
28/05/10,0.015,,,
29/05/10,-0.0015,,,
30/05/10,0.0056,,,
31/05/10,0.007,,,
01/06/10,0.0041,,,
02/06/10,-0.0019,,,
03/06/10,0.0067,,,
04/06/10,0.0058,,,
05/06/10,-0.0025,,,
06/06/10,0.0046,,,
07/06/10,0.0019,,,
08/06/10,-0.0005,,,
09/06/10,0.0027,,,
10/06/10,-0.0014,,,
11/06/10,-0.0024,,,
12/06/10,0.0001,,,
13/06/10,-0.0095,,,
14/06/10,0.0006,,,
15/06/10,0.0012,,,
16/06/10,0.0046,,,
17/06/10,-0.0114,,,
18/06/10,0.0053,,,
19/06/10,0.0152,,,
20/06/10,0.0042,,,
21/06/10,-0.0021,,,
22/06/10,0.0093,,,
23/06/10,0.0076,,,
24/06/10,0.0057,,,
25/06/10,0.0037,,,
26/06/10,-0.0002,,,
27/06/10,0,,,
28/06/10,-0.0066,,,
29/06/10,-0.011,,,
30/06/10,0.0043,,,
01/07/10,0.0036,,,
02/07/10,0.006,,,
03/07/10,-0.0102,,,
04/07/10,0.0052,,,
05/07/10,-0.0079,,,
06/07/10,-0.0038,,,
07/07/10,-0.0055,,,
08/07/10,0.0065,,,
09/07/10,0.0036,,,
10/07/10,-0.0074,,,
11/07/10,-0.0105,,,
12/07/10,-0.002,,,
13/07/10,0.0031,,,
14/07/10,0.0007,,,
15/07/10,0.0031,,,
16/07/10,0.0103,,,
17/07/10,-0.0222,,,
18/07/10,-0.0034,,,
19/07/10,-0.0079,,,
20/07/10,-0.005,,,
21/07/10,-0.0016,,,
22/07/10,-0.0018,,,
23/07/10,0.0063,,,
24/07/10,-0.0142,,,
25/07/10,0.0001,,,
26/07/10,0.0103,,,
27/07/10,-0.0148,,,
28/07/10,0.0054,,,
29/07/10,0.0036,,,
30/07/10,0.0063,,,
31/07/10,0.0091,,,
01/08/10,-0.0066,,,
02/08/10,-0.0049,,,
03/08/10,-0.0096,,,
04/08/10,0.0091,,,
05/08/10,0.0121,,,
06/08/10,0.006,,,
07/08/10,0.0125,,,
08/08/10,0.0136,,,
09/08/10,-0.001,,,
10/08/10,0.0045,,,
11/08/10,0.0074,,,
12/08/10,-0.0049,,,
13/08/10,-0.012,,,
14/08/10,-0.0047,,,
15/08/10,0.0036,,,
16/08/10,-0.0044,,,
17/08/10,0.0034,,,
18/08/10,-0.0076,,,
19/08/10,0.0163,,,
20/08/10,-0.0012,,,
21/08/10,0.0121,,,
22/08/10,-0.0034,,,
23/08/10,-0.007,,,
24/08/10,-0.0073,,,
25/08/10,-0.0159,,,
26/08/10,-0.0051,,,
27/08/10,-0.0079,,,
28/08/10,-0.0009,,,
29/08/10,-0.0219,,,
30/08/10,0.0025,,,
31/08/10,-0.0431,,,
01/09/10,0.0054,,,
02/09/10,-0.0555,,,
03/09/10,0.0398,,,
04/09/10,-0.0462,,,
05/09/10,0.0395,,,
06/09/10,0.0113,,,
07/09/10,0.019,,,
08/09/10,-0.0067,,,
09/09/10,0.0004,,,
10/09/10,-0.0368,,,
11/09/10,-0.0157,,,
12/09/10,0.0034,,,
13/09/10,0.0297,,,
14/09/10,0.0129,,,
15/09/10,-0.0151,,,
16/09/10,0.0121,,,
17/09/10,0.0226,,,
18/09/10,0.0018,,,
19/09/10,0.0046,,,
20/09/10,-0.0103,,,
21/09/10,-0.022,,,
22/09/10,-0.009,,,
23/09/10,0.0247,,,
24/09/10,-0.0104,,,
25/09/10,-0.0269,,,
26/09/10,0.0063,,,
27/09/10,0.004,,,
28/09/10,0.0127,,,
29/09/10,0.0166,,,
30/09/10,0.0066,,,
01/10/10,-0.0094,,,
02/10/10,0.0007,,,
03/10/10,-0.0249,,,
04/10/10,-0.0351,,,
05/10/10,0.0035,,,
06/10/10,0.0253,,,
07/10/10,0.0133,,,
08/10/10,-0.0161,,,
09/10/10,0.013,,,
10/10/10,-0.0216,,,
11/10/10,-0.0236,,,
12/10/10,0.0144,,,
13/10/10,0.0121,,,
14/10/10,0.0168,,,
15/10/10,-0.0018,,,
16/10/10,0.0297,,,
17/10/10,-0.0015,,,
18/10/10,0.009,,,
19/10/10,-0.0035,,,
20/10/10,0.0145,,,
21/10/10,-0.0213,,,
22/10/10,0.0158,,,
23/10/10,-0.0063,,,
24/10/10,0.0032,,,
25/10/10,0.0231,,,
26/10/10,0.0089,,,
27/10/10,-0.0174,,,
28/10/10,0.0139,,,
29/10/10,0.0286,,,
30/10/10,0.0018,,,
31/10/10,-0.0226,,,
01/11/10,-0.0248,,,
02/11/10,0.0153,,,
03/11/10,0.0176,,,
04/11/10,-0.0051,,,
05/11/10,0.0071,,,
06/11/10,0.0084,,,
07/11/10,-0.032,,,
08/11/10,0.0096,,,
09/11/10,0.0219,,,
10/11/10,-0.0061,,,
11/11/10,0.0014,,,
12/11/10,-0.0158,,,
13/11/10,-0.0113,,,
14/11/10,0.0022,,,
15/11/10,-0.0211,,,
16/11/10,-0.0046,,,
17/11/10,-0.0205,,,
18/11/10,-0.0023,,,
19/11/10,0.0259,,,
20/11/10,0.0028,,,
21/11/10,0.0424,,,
22/11/10,-0.0021,,,
23/11/10,-0.0001,,,
24/11/10,0.0065,,,
25/11/10,0.0043,,,
26/11/10,0.0038,,,
27/11/10,-0.0163,,,
28/11/10,0.0155,,,
29/11/10,-0.0134,,,
30/11/10,-0.0055,,,
01/12/10,-0.011,,,
02/12/10,0.0038,,,
03/12/10,-0.0002,,,
04/12/10,-0.0084,,,
05/12/10,0.0287,,,
06/12/10,0.0003,,,
07/12/10,0.0051,,,
08/12/10,0.0102,,,
09/12/10,-0.0002,,,
10/12/10,-0.0114,,,
11/12/10,0.0112,,,
12/12/10,-0.0057,,,
13/12/10,0.0147,,,
14/12/10,0.0017,,,
15/12/10,-0.0002,,,
16/12/10,-0.0045,,,
17/12/10,0.0027,,,
18/12/10,0.0056,,,
19/12/10,-0.001,,,
20/12/10,0.0017,,,
21/12/10,-0.0039,,,
22/12/10,0.0048,,,
23/12/10,0.0078,,,
24/12/10,0.0036,,,
25/12/10,0.0076,,,
26/12/10,-0.0009,,,
27/12/10,-0.0026,,,
28/12/10,0.0064,,,
29/12/10,-0.0018,,,
30/12/10,-0.0058,,,
31/12/10,-0.0005,,,
01/01/11,-0.0016,,,
02/01/11,0.0066,,,
03/01/11,-0.0009,,,
04/01/11,0.0123,,,
05/01/11,-0.0013,,,
06/01/11,0.0026,,,
07/01/11,0.0004,,,
08/01/11,0.0005,,,
09/01/11,-0.0069,,,
10/01/11,0.0057,,,
11/01/11,0.0003,,,
12/01/11,-0.0076,,,
13/01/11,0.0096,,,
14/01/11,0.0035,,,
15/01/11,0.0012,,,
16/01/11,-0.0021,,,
17/01/11,0.0036,,,
18/01/11,-0.0001,,,
19/01/11,-0.0001,,,
20/01/11,0.0018,,,
21/01/11,-0.0041,,,
22/01/11,0.0022,,,
23/01/11,-0.0002,,,
24/01/11,-0.0011,,,
25/01/11,-0.0157,,,
26/01/11,0.0061,,,
27/01/11,0.0055,,,
28/01/11,0.0011,,,
29/01/11,0.0029,,,
30/01/11,0.0168,,,
31/01/11,0.0012,,,
01/02/11,0.0044,,,
02/02/11,-0.0015,,,
03/02/11,0.0005,,,
04/02/11,-0.0052,,,
05/02/11,-0.0035,,,
06/02/11,-0.006,,,
07/02/11,0.0027,,,
08/02/11,0.0123,,,
09/02/11,-0.0033,,,
10/02/11,-0.0054,,,
11/02/11,0.0015,,,
12/02/11,0.005,,,
13/02/11,0.004,,,
14/02/11,-0.0049,,,
15/02/11,-0.0095,,,
16/02/11,-0.0011,,,
17/02/11,-0.01,,,
18/02/11,-0.0165,,,
19/02/11,0.007,,,
20/02/11,0.0141,,,
21/02/11,-0.0105,,,
22/02/11,0.0056,,,
23/02/11,0.015,,,
24/02/11,-0.0063,,,
25/02/11,-0.0053,,,
26/02/11,0.005,,,
27/02/11,-0.0078,,,
28/02/11,0.0058,,,
01/03/11,0.0069,,,
02/03/11,0.0087,,,
03/03/11,0.0018,,,
04/03/11,-0.0011,,,
05/03/11,0.005,,,
06/03/11,-0.0008,,,
07/03/11,-0.0047,,,
08/03/11,-0.0127,,,
09/03/11,-0.0023,,,
10/03/11,-0.0059,,,
11/03/11,-0.0075,,,
12/03/11,0.0016,,,
13/03/11,-0.0027,,,
14/03/11,-0.0098,,,
15/03/11,-0.005,,,
16/03/11,-0.0026,,,
17/03/11,-0.0124,,,
18/03/11,-0.0059,,,
19/03/11,0.0109,,,
20/03/11,-0.0001,,,
21/03/11,-0.0005,,,
22/03/11,0.0027,,,
23/03/11,-0.006,,,
24/03/11,0.0101,,,
25/03/11,-0.0128,,,
26/03/11,-0.0021,,,
27/03/11,-0.0222,,,
28/03/11,-0.0014,,,
29/03/11,0.0022,,,
30/03/11,0.0237,,,
31/03/11,0.0037,,,
01/04/11,0.0075,,,
02/04/11,-0.0114,,,
03/04/11,0.0131,,,
04/04/11,-0.0062,,,
05/04/11,0.0124,,,
06/04/11,0.0091,,,
07/04/11,-0.002,,,
08/04/11,0.0075,,,
09/04/11,-0.001,,,
10/04/11,-0.0196,,,
11/04/11,0.0053,,,
12/04/11,-0.0109,,,
13/04/11,0.0026,,,
14/04/11,0.0074,,,
15/04/11,-0.002,,,
16/04/11,0.022,,,
17/04/11,-0.0007,,,
18/04/11,0.0056,,,
19/04/11,-0.0036,,,
20/04/11,-0.0096,,,
21/04/11,-0.0028,,,
22/04/11,-0.0065,,,
23/04/11,-0.0038,,,
24/04/11,-0.0025,,,
25/04/11,0.0162,,,
26/04/11,-0.0039,,,
27/04/11,0.0062,,,
28/04/11,0.0081,,,
29/04/11,0.0027,,,
30/04/11,-0.0093,,,
01/05/11,-0.0079,,,
02/05/11,-0.0082,,,
03/05/11,0.0047,,,
04/05/11,0.0167,,,
05/05/11,0.0146,,,
06/05/11,-0.0002,,,
07/05/11,-0.0049,,,
08/05/11,-0.0029,,,
09/05/11,-0.0071,,,
10/05/11,0.0169,,,
11/05/11,0.0016,,,
12/05/11,0.0039,,,
13/05/11,0.0005,,,
14/05/11,-0.0008,,,
15/05/11,0.0032,,,
16/05/11,-0.0029,,,
17/05/11,0.0002,,,
18/05/11,-0.0006,,,
19/05/11,0.0065,,,
20/05/11,0.0019,,,
21/05/11,-0.0003,,,
22/05/11,-0.0051,,,
23/05/11,-0.0023,,,
24/05/11,-0.0088,,,
25/05/11,0.0077,,,
26/05/11,-0.0025,,,
27/05/11,-0.0017,,,
28/05/11,0.0003,,,
29/05/11,-0.0081,,,
30/05/11,0.0069,,,
31/05/11,-0.0042,,,
01/06/11,0.0009,,,
02/06/11,0.0187,,,
03/06/11,0.0011,,,
04/06/11,-0.0039,,,
05/06/11,0.0052,,,
06/06/11,0.0007,,,
07/06/11,0.0155,,,
08/06/11,0.004,,,
09/06/11,-0.003,,,
10/06/11,0.0009,,,
11/06/11,0.001,,,
12/06/11,0.0014,,,
13/06/11,-0.0013,,,
14/06/11,-0.0015,,,
15/06/11,-0.0075,,,
16/06/11,-0.0033,,,
17/06/11,0.0054,,,
18/06/11,-0.0036,,,
19/06/11,0.0058,,,
20/06/11,-0.0024,,,
21/06/11,0.0009,,,
22/06/11,0.006,,,
23/06/11,0.0026,,,
24/06/11,-0.0019,,,
25/06/11,-0.0081,,,
26/06/11,-0.0095,,,
27/06/11,-0.0014,,,
28/06/11,0.0002,,,
29/06/11,0.0072,,,
30/06/11,0.0095,,,
01/07/11,0.0004,,,
02/07/11,-0.0006,,,
03/07/11,-0.0152,,,
04/07/11,0.0002,,,
05/07/11,-0.0182,,,
06/07/11,-0.0019,,,
07/07/11,0.002,,,
08/07/11,0.0003,,,
09/07/11,-0.0008,,,
10/07/11,0.0104,,,
11/07/11,-0.0105,,,
12/07/11,0.0015,,,
13/07/11,0.0102,,,
14/07/11,-0.0236,,,
15/07/11,-0.0094,,,
16/07/11,0.0003,,,
17/07/11,0,,,
18/07/11,-0.0046,,,
19/07/11,-0.0145,,,
20/07/11,-0.0023,,,
21/07/11,0.0037,,,
22/07/11,0.0165,,,
23/07/11,-0.0006,,,
24/07/11,0.0038,,,
25/07/11,0.0135,,,
26/07/11,-0.0033,,,
27/07/11,-0.0069,,,
28/07/11,0.0083,,,
29/07/11,0.0028,,,
30/07/11,0.0003,,,
31/07/11,-0.0046,,,
01/08/11,-0.0011,,,
02/08/11,0.0064,,,
03/08/11,0.003,,,
04/08/11,0.0062,,,
05/08/11,0.0011,,,
06/08/11,0.006,,,
07/08/11,-0.0002,,,
08/08/11,-0.0056,,,
09/08/11,-0.0027,,,
10/08/11,0.0076,,,
11/08/11,0.0087,,,
12/08/11,-0.0074,,,
13/08/11,0.0045,,,
14/08/11,-0.0091,,,
15/08/11,-0.0039,,,
16/08/11,-0.0019,,,
17/08/11,-0.0014,,,
18/08/11,-0.0121,,,
19/08/11,0.0128,,,
20/08/11,0.0235,,,
21/08/11,-0.0016,,,
22/08/11,0.0033,,,
23/08/11,-0.0038,,,
24/08/11,-0.0041,,,
25/08/11,0.0046,,,
26/08/11,0.006,,,
27/08/11,0.0013,,,
28/08/11,0.0014,,,
29/08/11,0.002,,,
30/08/11,-0.0017,,,
31/08/11,0.0063,,,
01/09/11,0.0039,,,
02/09/11,0.0046,,,
03/09/11,0.0049,,,
04/09/11,0.0033,,,
05/09/11,0.0051,,,
06/09/11,-0.001,,,
07/09/11,0.0052,,,
08/09/11,-0.0032,,,
09/09/11,-0.0036,,,
10/09/11,0.0108,,,
11/09/11,-0.0093,,,
12/09/11,0.0071,,,
13/09/11,0.0005,,,
14/09/11,-0.003,,,
15/09/11,0.0035,,,
16/09/11,-0.0016,,,
17/09/11,0.0034,,,
18/09/11,-0.0026,,,
19/09/11,-0.0007,,,
20/09/11,0.0006,,,
21/09/11,0.0039,,,
22/09/11,-0.0077,,,
23/09/11,-0.0034,,,
24/09/11,0.0086,,,
25/09/11,-0.0155,,,
26/09/11,0.0084,,,
27/09/11,0.0126,,,
28/09/11,-0.0015,,,
29/09/11,0.0025,,,
30/09/11,0.0027,,,
01/10/11,0.0089,,,
02/10/11,0.003,,,
03/10/11,0.0023,,,
04/10/11,0.0047,,,
05/10/11,0.0035,,,
06/10/11,0.0002,,,
07/10/11,0.0004,,,
08/10/11,0.0058,,,
09/10/11,-0.0017,,,
10/10/11,-0.0043,,,
11/10/11,0.0003,,,
12/10/11,0.0039,,,
13/10/11,-0.0062,,,
14/10/11,0.0063,,,
15/10/11,-0.0044,,,
16/10/11,0.0077,,,
17/10/11,-0.0023,,,
18/10/11,0.0036,,,
19/10/11,-0.0004,,,
20/10/11,0.0061,,,
21/10/11,-0.0076,,,
22/10/11,0.0038,,,
23/10/11,-0.0028,,,
24/10/11,0.0033,,,
25/10/11,0.0041,,,
26/10/11,0.0088,,,
27/10/11,0.0042,,,
28/10/11,0,,,
29/10/11,-0.0179,,,
30/10/11,0.0108,,,
31/10/11,-0.0094,,,
01/11/11,-0.0056,,,
02/11/11,0.0007,,,
03/11/11,0.0014,,,
04/11/11,0.0105,,,
05/11/11,-0.0029,,,
06/11/11,0.0017,,,
07/11/11,0.0008,,,
08/11/11,0.0072,,,
09/11/11,0.0014,,,
10/11/11,-0.0094,,,
11/11/11,0.0089,,,
12/11/11,0.0096,,,
13/11/11,-0.0003,,,
14/11/11,0.0058,,,
15/11/11,0.0032,,,
16/11/11,-0.0015,,,
17/11/11,0.0024,,,
18/11/11,-0.0018,,,
19/11/11,0.0082,,,
20/11/11,0.004,,,
21/11/11,-0.0028,,,
22/11/11,0.008,,,
23/11/11,-0.0012,,,
24/11/11,0.0034,,,
25/11/11,-0.0052,,,
26/11/11,-0.0008,,,
27/11/11,0.0006,,,
28/11/11,0.0069,,,
29/11/11,-0.0069,,,
30/11/11,0.0014,,,
01/12/11,-0.0136,,,
02/12/11,0.0092,,,
03/12/11,-0.005,,,
04/12/11,-0.0143,,,
05/12/11,0.0053,,,
06/12/11,0.0138,,,
07/12/11,-0.0006,,,
08/12/11,-0.0076,,,
09/12/11,-0.0084,,,
10/12/11,0.0121,,,
11/12/11,-0.007,,,
12/12/11,0.0073,,,
13/12/11,0.0091,,,
14/12/11,-0.0135,,,
15/12/11,-0.0234,,,
16/12/11,0.0028,,,
17/12/11,-0.0094,,,
18/12/11,0.0069,,,
19/12/11,0.0102,,,
20/12/11,0.0077,,,
21/12/11,-0.0076,,,
22/12/11,0.0044,,,
23/12/11,-0.0028,,,
24/12/11,0.0038,,,
25/12/11,0.0098,,,
26/12/11,0.0059,,,
27/12/11,0.005,,,
28/12/11,-0.0006,,,
29/12/11,0.0111,,,
30/12/11,0.0002,,,
31/12/11,0.0013,,,
01/01/12,-0.0021,,,
02/01/12,0.0012,,,
03/01/12,0.005,,,
04/01/12,-0.0003,,,
05/01/12,0.0001,,,
06/01/12,0.0014,,,
07/01/12,-0.0016,,,
08/01/12,0.0009,,,
09/01/12,0.0002,,,
10/01/12,-0.0024,,,
11/01/12,-0.0001,,,
12/01/12,-0.0014,,,
13/01/12,0.0083,,,
14/01/12,0.0019,,,
15/01/12,-0.003,,,
16/01/12,-0.006,,,
17/01/12,-0.0031,,,
18/01/12,0.0018,,,
19/01/12,-0.0047,,,
20/01/12,-0.0004,,,
21/01/12,0.002,,,
22/01/12,-0.0073,,,
23/01/12,-0.0147,,,
24/01/12,-0.002,,,
25/01/12,-0.0047,,,
26/01/12,-0.0005,,,
27/01/12,-0.007,,,
28/01/12,0.0044,,,
29/01/12,0.0031,,,
30/01/12,-0.0043,,,
31/01/12,-0.0114,,,
01/02/12,0.0033,,,
02/02/12,0.0011,,,
03/02/12,-0.0021,,,
04/02/12,0.0016,,,
05/02/12,0.0065,,,
06/02/12,0.0004,,,
07/02/12,-0.001,,,
08/02/12,0.0094,,,
09/02/12,0.0085,,,
10/02/12,0.0089,,,
11/02/12,-0.0017,,,
12/02/12,0.0049,,,
13/02/12,0.0077,,,
14/02/12,0.0023,,,
15/02/12,0.0095,,,
16/02/12,-0.0026,,,
17/02/12,-0.0119,,,
18/02/12,-0.0032,,,
19/02/12,-0.0043,,,
20/02/12,-0.004,,,
21/02/12,0.0036,,,
22/02/12,-0.0046,,,
23/02/12,-0.0084,,,
24/02/12,0.0041,,,
25/02/12,-0.0039,,,
26/02/12,-0.009,,,
27/02/12,0.0051,,,
28/02/12,-0.009,,,
29/02/12,-0.0107,,,
01/03/12,0.0018,,,
02/03/12,0.0218,,,
03/03/12,0.0073,,,
04/03/12,0.0042,,,
05/03/12,-0.0087,,,
06/03/12,0.0136,,,
07/03/12,-0.0001,,,
08/03/12,0.0018,,,
09/03/12,-0.0005,,,
10/03/12,0.0049,,,
11/03/12,-0.0035,,,
12/03/12,0.0062,,,
13/03/12,0.0039,,,
14/03/12,-0.0001,,,
15/03/12,0.0072,,,
16/03/12,-0.0039,,,
17/03/12,-0.0047,,,
18/03/12,0.0045,,,
19/03/12,0.0015,,,
20/03/12,-0.0013,,,
21/03/12,0.0082,,,
22/03/12,-0.0097,,,
23/03/12,0.0108,,,
24/03/12,0.0014,,,
25/03/12,-0.0021,,,
26/03/12,0.0045,,,
27/03/12,0.0035,,,
28/03/12,0.0054,,,
29/03/12,0.0009,,,
30/03/12,-0.0006,,,
31/03/12,-0.0041,,,
01/04/12,0.0069,,,
02/04/12,0.0034,,,
03/04/12,0.0005,,,
04/04/12,0,,,
05/04/12,0.0015,,,
06/04/12,-0.0007,,,
07/04/12,-0.0048,,,
08/04/12,-0.0059,,,
09/04/12,-0.0016,,,
10/04/12,-0.0043,,,
11/04/12,0.0126,,,
12/04/12,0.0003,,,
13/04/12,-0.0033,,,
14/04/12,-0.0081,,,
15/04/12,-0.0066,,,
16/04/12,0.001,,,
17/04/12,0.0082,,,
18/04/12,-0.0006,,,
19/04/12,0.0184,,,
20/04/12,0.0007,,,
21/04/12,0.0026,,,
22/04/12,0.0045,,,
23/04/12,0.0039,,,
24/04/12,0.0075,,,
25/04/12,-0.0001,,,
26/04/12,0.0016,,,
27/04/12,0.0044,,,
28/04/12,-0.0082,,,
29/04/12,0.0017,,,
30/04/12,-0.0027,,,
01/05/12,0.0064,,,
02/05/12,-0.0041,,,
03/05/12,-0.0011,,,
04/05/12,-0.0005,,,
05/05/12,-0.0109,,,
06/05/12,0.0071,,,
07/05/12,0.0066,,,
08/05/12,-0.0039,,,
09/05/12,0.0025,,,
10/05/12,-0.0027,,,
11/05/12,-0.0025,,,
12/05/12,-0.0107,,,
13/05/12,-0.0196,,,
14/05/12,-0.0026,,,
15/05/12,0.0057,,,
16/05/12,-0.0119,,,
17/05/12,0.007,,,
18/05/12,-0.0094,,,
19/05/12,-0.0208,,,
20/05/12,0.0047,,,
21/05/12,-0.0003,,,
22/05/12,0.0122,,,
23/05/12,0.0106,,,
24/05/12,0.0005,,,
25/05/12,0.0122,,,
26/05/12,-0.0019,,,
27/05/12,0.004,,,
28/05/12,0.0079,,,
29/05/12,-0.0015,,,
30/05/12,-0.0056,,,
31/05/12,0.0058,,,
01/06/12,-0.0019,,,
02/06/12,0.0064,,,
03/06/12,-0.0017,,,
04/06/12,0.0012,,,
05/06/12,0.0046,,,
06/06/12,0.003,,,
07/06/12,-0.0094,,,
08/06/12,0.0141,,,
09/06/12,-0.0022,,,
10/06/12,0.0038,,,
11/06/12,0.0019,,,
12/06/12,-0.0021,,,
13/06/12,-0.0041,,,
14/06/12,-0.0007,,,
15/06/12,-0.0141,,,
16/06/12,-0.0027,,,
17/06/12,0.0113,,,
18/06/12,0.0055,,,
19/06/12,-0.007,,,
20/06/12,0.0067,,,
21/06/12,-0.0017,,,
22/06/12,-0.0016,,,
23/06/12,0.0056,,,
24/06/12,-0.006,,,
25/06/12,-0.0003,,,
26/06/12,0.0036,,,
27/06/12,0.0082,,,
28/06/12,0.0046,,,
29/06/12,0.0024,,,
30/06/12,0,,,
01/07/12,-0.0096,,,
02/07/12,-0.0102,,,
03/07/12,0.0006,,,
04/07/12,0.0111,,,
05/07/12,-0.0162,,,
06/07/12,-0.0089,,,
07/07/12,0.0091,,,
08/07/12,0.0055,,,
09/07/12,0.01,,,
10/07/12,-0.001,,,
11/07/12,0.0025,,,
12/07/12,0.004,,,
13/07/12,-0.0008,,,
14/07/12,0,,,
15/07/12,-0.0085,,,
16/07/12,0.0053,,,
17/07/12,0.0053,,,
18/07/12,0.0027,,,
19/07/12,-0.0013,,,
20/07/12,-0.0028,,,
21/07/12,0.0011,,,
22/07/12,-0.0078,,,
23/07/12,0.0072,,,
24/07/12,0.002,,,
25/07/12,0.002,,,
26/07/12,0.0068,,,
27/07/12,0.0012,,,
28/07/12,-0.0061,,,
29/07/12,-0.0101,,,
30/07/12,0.0027,,,
31/07/12,0.0012,,,
01/08/12,-0.0083,,,
02/08/12,0.0097,,,
03/08/12,0.0006,,,
04/08/12,0.0038,,,
05/08/12,0.0042,,,
06/08/12,-0.0025,,,
07/08/12,0.0039,,,
08/08/12,0.0011,,,
09/08/12,0.0016,,,
10/08/12,-0.0013,,,
11/08/12,0.0009,,,
12/08/12,0.0059,,,
13/08/12,0.0052,,,
14/08/12,0.0011,,,
15/08/12,0.0002,,,
16/08/12,-0.006,,,
17/08/12,-0.0065,,,
18/08/12,0.0025,,,
19/08/12,0.0003,,,
20/08/12,0.0016,,,
21/08/12,0.0058,,,
22/08/12,0.0009,,,
23/08/12,0.0015,,,
24/08/12,-0.0006,,,
25/08/12,-0.007,,,
26/08/12,0.0029,,,
27/08/12,-0.0013,,,
28/08/12,0.0003,,,
29/08/12,-0.0015,,,
30/08/12,0.0077,,,
31/08/12,0.0012,,,
01/09/12,0.0054,,,
02/09/12,-0.0026,,,
03/09/12,-0.0069,,,
04/09/12,0.0047,,,
05/09/12,-0.0042,,,
06/09/12,0.0017,,,
07/09/12,0.0066,,,
08/09/12,0.0003,,,
09/09/12,0.0045,,,
10/09/12,-0.0094,,,
11/09/12,0.0073,,,
12/09/12,-0.0028,,,
13/09/12,0.0036,,,
14/09/12,-0.0016,,,
15/09/12,-0.0002,,,
16/09/12,-0.0072,,,
17/09/12,0.0013,,,
18/09/12,-0.0042,,,
19/09/12,-0.0019,,,
20/09/12,-0.0188,,,
21/09/12,-0.0042,,,
22/09/12,0.0046,,,
23/09/12,-0.0084,,,
24/09/12,0.0008,,,
25/09/12,-0.0046,,,
26/09/12,0.0113,,,
27/09/12,0.001,,,
28/09/12,-0.0006,,,
29/09/12,0.0055,,,
30/09/12,0.0037,,,
01/10/12,-0.003,,,
02/10/12,0.0106,,,
03/10/12,0.0048,,,
04/10/12,0.0035,,,
05/10/12,0.0036,,,
06/10/12,-0.0022,,,
07/10/12,0.0044,,,
08/10/12,0.0017,,,
09/10/12,0.0009,,,
10/10/12,-0.0025,,,
11/10/12,0.0011,,,
12/10/12,-0.0018,,,
13/10/12,0.0006,,,
14/10/12,-0.0005,,,
15/10/12,0.004,,,
16/10/12,-0.0015,,,
17/10/12,-0.0057,,,
18/10/12,0.0032,,,
19/10/12,-0.0012,,,
20/10/12,-0.0036,,,
21/10/12,0.0026,,,
22/10/12,0.0059,,,
23/10/12,0.0015,,,
24/10/12,0.0064,,,
25/10/12,0.0008,,,
26/10/12,-0.0062,,,
27/10/12,-0.0068,,,
28/10/12,0.009,,,
29/10/12,-0.0154,,,
30/10/12,0.0099,,,
31/10/12,-0.0025,,,
01/11/12,-0.0017,,,
02/11/12,-0.014,,,
03/11/12,-0.0002,,,
04/11/12,0.0124,,,
05/11/12,-0.001,,,
06/11/12,-0.016,,,
07/11/12,0.0164,,,
08/11/12,-0.0197,,,
09/11/12,-0.0069,,,
10/11/12,-0.0135,,,
11/11/12,-0.0004,,,
12/11/12,-0.0106,,,
13/11/12,-0.0015,,,
14/11/12,0.0163,,,
15/11/12,0.0012,,,
16/11/12,0.0131,,,
17/11/12,-0.0092,,,
18/11/12,0.0132,,,
19/11/12,0.0076,,,
20/11/12,0.0007,,,
21/11/12,0.0112,,,
22/11/12,-0.0018,,,
23/11/12,0.013,,,
24/11/12,0.0113,,,
25/11/12,-0.0014,,,
26/11/12,0.001,,,
27/11/12,0.0058,,,
28/11/12,0.004,,,
29/11/12,0.0011,,,
30/11/12,0.0023,,,
01/12/12,0.0001,,,
02/12/12,-0.0002,,,
03/12/12,0.0023,,,
04/12/12,-0.001,,,
05/12/12,0.0007,,,
06/12/12,0.0023,,,
07/12/12,-0.0001,,,
08/12/12,0.0019,,,
09/12/12,0.0051,,,
10/12/12,0.0004,,,
11/12/12,-0.0002,,,
12/12/12,0.0007,,,
13/12/12,0,,,
14/12/12,-0.0029,,,
15/12/12,0.0058,,,
16/12/12,0.0018,,,
17/12/12,-0.0007,,,
18/12/12,0.0033,,,
19/12/12,-0.0059,,,
20/12/12,-0.0029,,,
21/12/12,-0.0151,,,
22/12/12,0.0036,,,
23/12/12,-0.0179,,,
24/12/12,-0.0058,,,
25/12/12,-0.0065,,,
26/12/12,0.0169,,,
27/12/12,0.0243,,,
28/12/12,0.0015,,,
29/12/12,0.0087,,,
30/12/12,0.0036,,,
31/12/12,0.0003,,,
01/01/13,0.0013,,,
02/01/13,-0.0009,,,
03/01/13,-0.0031,,,
04/01/13,-0.0089,,,
05/01/13,0.0006,,,
06/01/13,-0.0186,,,
07/01/13,-0.0074,,,
08/01/13,0.0123,,,
09/01/13,0.0184,,,
10/01/13,-0.0095,,,
11/01/13,-0.0054,,,
12/01/13,-0.0015,,,
13/01/13,-0.0106,,,
14/01/13,-0.0061,,,
15/01/13,0.011,,,
16/01/13,0.0002,,,
17/01/13,0.0022,,,
18/01/13,0.0148,,,
19/01/13,-0.0079,,,
20/01/13,0.0003,,,
21/01/13,-0.0165,,,
22/01/13,-0.0113,,,
23/01/13,0.0131,,,
24/01/13,-0.0145,,,
25/01/13,0.0114,,,
26/01/13,0.0176,,,
27/01/13,0.0004,,,
28/01/13,0.012,,,
29/01/13,-0.0034,,,
30/01/13,-0.0053,,,
31/01/13,0.0079,,,
01/02/13,-0.0004,,,
02/02/13,0.0062,,,
03/02/13,0.0026,,,
04/02/13,0.0016,,,
05/02/13,-0.001,,,
06/02/13,-0.0024,,,
07/02/13,0.0086,,,
08/02/13,-0.0013,,,
09/02/13,0.0051,,,
10/02/13,0.0008,,,
11/02/13,-0.0006,,,
12/02/13,-0.0045,,,
13/02/13,0.0086,,,
14/02/13,-0.0047,,,
15/02/13,-0.0058,,,
16/02/13,0.0021,,,
17/02/13,-0.0154,,,
18/02/13,0.0078,,,
19/02/13,-0.0185,,,
20/02/13,-0.0016,,,
21/02/13,0.0147,,,
22/02/13,-0.0082,,,
23/02/13,0.0129,,,
24/02/13,-0.0071,,,
25/02/13,0.0127,,,
26/02/13,-0.0065,,,
27/02/13,0.0094,,,
28/02/13,-0.0006,,,
01/03/13,-0.0058,,,
02/03/13,-0.0162,,,
03/03/13,-0.0023,,,
04/03/13,0.0019,,,
05/03/13,0.0149,,,
06/03/13,-0.0111,,,
07/03/13,-0.0044,,,
08/03/13,0.0037,,,
09/03/13,0.0066,,,
10/03/13,-0.0003,,,
11/03/13,0.0015,,,
12/03/13,0.0031,,,
13/03/13,0.0055,,,
14/03/13,-0.0045,,,
15/03/13,0.0033,,,
16/03/13,0.0042,,,
17/03/13,-0.0004,,,
18/03/13,-0.0154,,,
19/03/13,0.0117,,,
20/03/13,-0.0047,,,
21/03/13,0.0049,,,
22/03/13,0.0011,,,
23/03/13,0.0012,,,
24/03/13,-0.0023,,,
25/03/13,0.004,,,
26/03/13,-0.0041,,,
27/03/13,-0.0108,,,
28/03/13,0.0103,,,
29/03/13,0.0026,,,
30/03/13,-0.0079,,,
31/03/13,-0.0048,,,
01/04/13,0.0046,,,
02/04/13,0.0149,,,
03/04/13,-0.0047,,,
04/04/13,-0.002,,,
05/04/13,-0.0004,,,
06/04/13,0.0106,,,
07/04/13,0.0011,,,
08/04/13,0.0014,,,
09/04/13,0.0007,,,
10/04/13,-0.0015,,,
11/04/13,0,,,
12/04/13,-0.0029,,,
13/04/13,-0.0104,,,
14/04/13,0.0067,,,
15/04/13,-0.002,,,
16/04/13,-0.0064,,,
17/04/13,0.0016,,,
18/04/13,-0.0016,,,
19/04/13,0.0036,,,
20/04/13,-0.0094,,,
21/04/13,-0.0031,,,
22/04/13,-0.0046,,,
23/04/13,-0.0001,,,
24/04/13,0.0133,,,
25/04/13,0.0022,,,
26/04/13,-0.0078,,,
27/04/13,-0.006,,,
28/04/13,0.0064,,,
29/04/13,0.0017,,,
30/04/13,0.01,,,
01/05/13,-0.0055,,,
02/05/13,0.0058,,,
03/05/13,0.0013,,,
04/05/13,-0.0098,,,
05/05/13,-0.0042,,,
06/05/13,0.0031,,,
07/05/13,-0.0195,,,
08/05/13,0.0013,,,
09/05/13,0.0079,,,
10/05/13,-0.0016,,,
11/05/13,-0.0026,,,
12/05/13,0.0053,,,
13/05/13,-0.0147,,,
14/05/13,0.0019,,,
15/05/13,0.0121,,,
16/05/13,0.0122,,,
17/05/13,0.0042,,,
18/05/13,-0.0002,,,
19/05/13,0.0039,,,
20/05/13,-0.0019,,,
21/05/13,0.0008,,,
22/05/13,-0.01,,,
23/05/13,-0.0038,,,
24/05/13,-0.0067,,,
25/05/13,-0.0092,,,
26/05/13,-0.0073,,,
27/05/13,0.0109,,,
28/05/13,0.0069,,,
29/05/13,-0.0003,,,
30/05/13,-0.0032,,,
31/05/13,-0.0052,,,
01/06/13,-0.0027,,,
02/06/13,-0.0006,,,
03/06/13,-0.0069,,,
04/06/13,-0.0027,,,
05/06/13,0.0139,,,
06/06/13,-0.0121,,,
07/06/13,0,,,
08/06/13,0.0003,,,
09/06/13,0.004,,,
10/06/13,0.0039,,,
11/06/13,-0.0019,,,
12/06/13,-0.0093,,,
13/06/13,-0.0206,,,
14/06/13,-0.0312,,,
15/06/13,-0.0357,,,
16/06/13,-0.0129,,,
17/06/13,0.0395,,,
18/06/13,0.0227,,,
19/06/13,-0.0007,,,
20/06/13,-0.0069,,,
21/06/13,-0.0284,,,
22/06/13,0.0182,,,
23/06/13,0.0014,,,
24/06/13,-0.0166,,,
25/06/13,0.0242,,,
26/06/13,-0.0145,,,
27/06/13,0.0047,,,
28/06/13,0.0063,,,
29/06/13,-0.0038,,,
30/06/13,0.014,,,
01/07/13,0.0084,,,
02/07/13,-0.0039,,,
03/07/13,-0.0174,,,
04/07/13,0.0077,,,
05/07/13,-0.0109,,,
06/07/13,-0.0031,,,
07/07/13,-0.0048,,,
08/07/13,0.007,,,
09/07/13,-0.0192,,,
10/07/13,0.003,,,
11/07/13,0.0147,,,
12/07/13,-0.0008,,,
13/07/13,0.0123,,,
14/07/13,0.0185,,,
15/07/13,0.0008,,,
16/07/13,0.0073,,,
17/07/13,0.0082,,,
18/07/13,0.002,,,
19/07/13,0.0028,,,
20/07/13,-0.0029,,,
21/07/13,-0.0092,,,
22/07/13,0.0128,,,
23/07/13,0.0043,,,
24/07/13,0.0008,,,
25/07/13,-0.0008,,,
26/07/13,-0.0028,,,
27/07/13,0.0187,,,
28/07/13,0.009,,,
29/07/13,-0.0013,,,
30/07/13,-0.0024,,,
31/07/13,0.0113,,,
01/08/13,-0.0013,,,
02/08/13,-0.0052,,,
03/08/13,0.0094,,,
04/08/13,0.005,,,
05/08/13,-0.0028,,,
06/08/13,-0.0002,,,
07/08/13,0.0026,,,
08/08/13,-0.01,,,
09/08/13,0.0016,,,
10/08/13,-0.0032,,,
11/08/13,-0.0144,,,
12/08/13,-0.0116,,,
13/08/13,0.0138,,,
14/08/13,0.0004,,,
15/08/13,0.0142,,,
16/08/13,-0.0002,,,
17/08/13,0.0051,,,
18/08/13,-0.0017,,,
19/08/13,0.0011,,,
20/08/13,0.0001,,,
21/08/13,-0.0008,,,
22/08/13,-0.0044,,,
23/08/13,0.0095,,,
24/08/13,-0.0089,,,
25/08/13,-0.0142,,,
26/08/13,0.0212,,,
27/08/13,-0.0066,,,
28/08/13,-0.0092,,,
29/08/13,-0.0043,,,
30/08/13,0.0047,,,
31/08/13,-0.0176,,,
01/09/13,0.006,,,
02/09/13,0.009,,,
03/09/13,0.0128,,,
04/09/13,-0.0143,,,
05/09/13,-0.021,,,
06/09/13,0.0072,,,
07/09/13,0.0096,,,
08/09/13,0.0106,,,
09/09/13,-0.0029,,,
10/09/13,-0.0014,,,
11/09/13,0.011,,,
12/09/13,-0.0066,,,
13/09/13,-0.0102,,,
14/09/13,-0.0158,,,
15/09/13,0.0006,,,
16/09/13,-0.0147,,,
17/09/13,-0.0232,,,
18/09/13,-0.0102,,,
19/09/13,0.0032,,,
20/09/13,0.0072,,,
21/09/13,-0.0221,,,
22/09/13,0.0141,,,
23/09/13,-0.0239,,,
24/09/13,0.0017,,,
25/09/13,-0.0156,,,
26/09/13,0.0074,,,
27/09/13,0.0133,,,
28/09/13,-0.0129,,,
29/09/13,0.0178,,,
30/09/13,-0.0138,,,
01/10/13,0.0079,,,
02/10/13,0.0247,,,
03/10/13,-0.001,,,
04/10/13,-0.018,,,
05/10/13,0.0113,,,
06/10/13,0.0049,,,
07/10/13,-0.0129,,,
08/10/13,-0.011,,,
09/10/13,-0.0008,,,
10/10/13,-0.0062,,,
11/10/13,-0.016,,,
12/10/13,0.02,,,
13/10/13,0.0139,,,
14/10/13,0.0159,,,
15/10/13,-0.0025,,,
16/10/13,-0.0013,,,
17/10/13,0.014,,,
18/10/13,-0.0114,,,
19/10/13,0.0032,,,
20/10/13,0.0129,,,
21/10/13,-0.0034,,,
22/10/13,-0.0074,,,
23/10/13,0.0211,,,
24/10/13,0.002,,,
25/10/13,0.0026,,,
26/10/13,0.0037,,,
27/10/13,0.004,,,
28/10/13,-0.0064,,,
29/10/13,0.0021,,,
30/10/13,-0.0003,,,
31/10/13,0.0128,,,
01/11/13,0.0009,,,
02/11/13,0.0013,,,
03/11/13,0.0043,,,
04/11/13,0.009,,,
05/11/13,0.0069,,,
06/11/13,0.0012,,,
07/11/13,-0.0023,,,
08/11/13,-0.0045,,,
09/11/13,0.0008,,,
10/11/13,0.0011,,,
11/11/13,0.0056,,,
12/11/13,0.0047,,,
13/11/13,-0.0018,,,
14/11/13,0.0061,,,
15/11/13,-0.0031,,,
16/11/13,-0.0075,,,
17/11/13,0.0064,,,
18/11/13,-0.0098,,,
19/11/13,0.002,,,
20/11/13,-0.0012,,,
21/11/13,0.0094,,,
22/11/13,0.0106,,,
23/11/13,0.001,,,
24/11/13,-0.0016,,,
25/11/13,0.006,,,
26/11/13,0.0027,,,
27/11/13,0.0024,,,
28/11/13,-0.0063,,,
29/11/13,0.0012,,,
30/11/13,-0.0015,,,
01/12/13,0.0007,,,
02/12/13,0.0028,,,
03/12/13,-0.0117,,,
04/12/13,-0.0032,,,
05/12/13,0.0066,,,
06/12/13,-0.0078,,,
07/12/13,-0.0056,,,
08/12/13,0.0005,,,
09/12/13,0.0045,,,
10/12/13,-0.002,,,
11/12/13,0.0126,,,
12/12/13,-0.0121,,,
13/12/13,0.0005,,,
14/12/13,-0.0105,,,
15/12/13,0.01,,,
16/12/13,-0.0102,,,
17/12/13,-0.0002,,,
18/12/13,-0.0052,,,
19/12/13,0.0038,,,
20/12/13,-0.0005,,,
21/12/13,0.0122,,,
22/12/13,0.0082,,,
23/12/13,-0.0013,,,
24/12/13,0.0025,,,
25/12/13,-0.0048,,,
26/12/13,0.0001,,,
27/12/13,0.0027,,,
28/12/13,-0.0018,,,
29/12/13,0.0064,,,
30/12/13,0.001,,,
31/12/13,0.0037,,,
01/01/14,-0.0011,,,
02/01/14,-0.0067,,,
03/01/14,-0.0074,,,
04/01/14,-0.0033,,,
05/01/14,-0.002,,,
06/01/14,0.0053,,,
07/01/14,-0.0033,,,
08/01/14,0.0073,,,
09/01/14,0.0014,,,
10/01/14,-0.0027,,,
11/01/14,0.0129,,,
12/01/14,-0.0339,,,
13/01/14,-0.015,,,
14/01/14,0.0157,,,
15/01/14,0.0164,,,
16/01/14,0.0133,,,
17/01/14,0.0011,,,
18/01/14,-0.0061,,,
19/01/14,0.0044,,,
20/01/14,-0.0013,,,
21/01/14,0.014,,,
22/01/14,0.0044,,,
23/01/14,0.0066,,,
24/01/14,0.0013,,,
25/01/14,0.0073,,,
26/01/14,0.0005,,,
27/01/14,0.0009,,,
28/01/14,0.0014,,,
29/01/14,0.0019,,,
30/01/14,-0.0042,,,
31/01/14,0.0029,,,
01/02/14,-0.0042,,,
02/02/14,-0.001,,,
03/02/14,-0.0001,,,
04/02/14,-0.0009,,,
05/02/14,-0.0013,,,
06/02/14,-0.0015,,,
07/02/14,-0.0049,,,
08/02/14,0.0023,,,
09/02/14,-0.0002,,,
10/02/14,0.0104,,,
11/02/14,-0.0008,,,
12/02/14,0.0002,,,
13/02/14,-0.002,,,
14/02/14,0.0064,,,
15/02/14,-0.002,,,
16/02/14,0.0032,,,
17/02/14,-0.0045,,,
18/02/14,0.0012,,,
19/02/14,0.0013,,,
20/02/14,-0.0024,,,
21/02/14,-0.0012,,,
22/02/14,0.001,,,
23/02/14,-0.0035,,,
24/02/14,-0.0018,,,
25/02/14,-0.0029,,,
26/02/14,0.0058,,,
27/02/14,-0.0026,,,
28/02/14,-0.0029,,,
01/03/14,0.001,,,
02/03/14,0.0039,,,
03/03/14,0.0025,,,
04/03/14,-0.0006,,,
05/03/14,-0.0025,,,
06/03/14,-0.0213,,,
07/03/14,0.0132,,,
08/03/14,-0.0141,,,
09/03/14,-0.0018,,,
10/03/14,0.0099,,,
11/03/14,-0.0049,,,
12/03/14,-0.0002,,,
13/03/14,0.0005,,,
14/03/14,0.009,,,
15/03/14,0.0054,,,
16/03/14,-0.0071,,,
17/03/14,-0.0091,,,
18/03/14,0.0074,,,
19/03/14,0.0061,,,
20/03/14,-0.0107,,,
21/03/14,0.0091,,,
22/03/14,-0.003,,,
23/03/14,-0.0047,,,
24/03/14,0.0062,,,
25/03/14,-0.0007,,,
26/03/14,-0.0015,,,
27/03/14,0.0049,,,
28/03/14,-0.0109,,,
29/03/14,0.0009,,,
30/03/14,-0.0025,,,
31/03/14,0.0022,,,
01/04/14,-0.0029,,,
02/04/14,0.0042,,,
03/04/14,0.0022,,,
04/04/14,-0.0022,,,
05/04/14,-0.0009,,,
06/04/14,0.0043,,,
07/04/14,-0.003,,,
08/04/14,0.0017,,,
09/04/14,-0.0016,,,
10/04/14,-0.0005,,,
11/04/14,-0.001,,,
12/04/14,-0.0058,,,
13/04/14,-0.0043,,,
14/04/14,-0.0016,,,
15/04/14,-0.0024,,,
16/04/14,0.0208,,,
17/04/14,0.004,,,
18/04/14,0.014,,,
19/04/14,0.0117,,,
20/04/14,0.0021,,,
21/04/14,0.0011,,,
22/04/14,0.0029,,,
23/04/14,-0.0029,,,
24/04/14,0.0019,,,
25/04/14,-0.0019,,,
26/04/14,0.0047,,,
27/04/14,0.0035,,,
28/04/14,0.0031,,,
29/04/14,0.0036,,,
30/04/14,-0.0028,,,
01/05/14,0.0012,,,
02/05/14,0.0001,,,
03/05/14,0.0036,,,
04/05/14,-0.0011,,,
05/05/14,0.0024,,,
06/05/14,0.0018,,,
07/05/14,0.0155,,,
08/05/14,0.0033,,,
09/05/14,0.0072,,,
10/05/14,0.002,,,
11/05/14,0.0058,,,
12/05/14,-0.006,,,
13/05/14,0.003,,,
14/05/14,-0.0004,,,
15/05/14,0.002,,,
16/05/14,0.0046,,,
17/05/14,-0.0016,,,
18/05/14,-0.0012,,,
19/05/14,0.0007,,,
20/05/14,0.0006,,,
21/05/14,-0.0056,,,
22/05/14,-0.0007,,,
23/05/14,-0.0029,,,